<?xml version="1.0" encoding="UTF-8"?>
<Configuration>
	<Files>
		<Value name="xmlInputFileName">../input/gcamdata/xml/modeltime.xml</Value>
		<Value name="BatchFileName">batch_ag.xml</Value>
		<Value name="policy-target-file">../input/policy/forcing_target_4p5.xml</Value>
		<Value name="GHGInputFileName">../input/magicc/inputs/input_gases.emk</Value>
		<Value write-output="1" append-scenario-name="0" name="xmldb-location">../output/nonCO2_ref</Value>
		<Value write-output="1" append-scenario-name="0" name="restart">./restart/restart</Value>
		<Value write-output="1" append-scenario-name="1" name="xmlDebugFileName">debug.xml</Value>
		<Value write-output="1" append-scenario-name="0" name="climatFileName">gas.emk</Value>
		<Value write-output="1" append-scenario-name="1" name="costCurvesOutputFileName">cost_curves.xml</Value>
		<Value write-output="1" append-scenario-name="0" name="batchCSVOutputFile">batch-csv-out.csv</Value>
		<Value write-output="1" append-scenario-name="1" name="supplyDemandCurves">SDCurves.csv</Value>
		<Value write-output="0" append-scenario-name="0" name="flow-graph">gcam-flow-graph.dot</Value>
		<Value write-output="0" append-scenario-name="0" name="dependencyGraphName">DependencyGraph.dot</Value>
		<Value write-output="0" append-scenario-name="0" name="landAllocatorGraphName">LandAllocatorGraph.dot</Value>
	</Files>
	<ScenarioComponents>
        <Value name = "climate">../input/gcamdata/xml/no_climate_model.xml</Value>
		<!--Value name = "interest_rate">../input/gcamdata/xml/interest_rate.xml</Value-->
		<Value name = "socioeconomics">../input/gcamdata/xml/socioeconomics_gSSP2.xml</Value>

		<Value name = "resources">../input/gcamdata/xml/resources.xml</Value>
		<Value name = "energy_supply">../input/gcamdata/xml/en_supply.xml</Value>
		<Value name = "energy_transformation">../input/gcamdata/xml/en_transformation.xml</Value>
		<Value name = "electricity">../input/gcamdata/xml/electricity.xml</Value>
		<Value name = "heat">../input/gcamdata/xml/heat.xml</Value>
		<Value name = "hydrogen">../input/gcamdata/xml/hydrogen.xml</Value>
		<Value name = "energy_distribution">../input/gcamdata/xml/en_distribution.xml</Value>
		<Value name = "industry">../input/gcamdata/xml/industry.xml</Value>
		<Value name = "industry_income_elas">../input/gcamdata/xml/industry_incelas_gssp2.xml</Value>
		<Value name = "cement">../input/gcamdata/xml/cement.xml</Value>
		<Value name = "cement_income_elas">../input/gcamdata/xml/cement_incelas_gssp2.xml</Value>
		<Value name = "fertilizer_energy">../input/gcamdata/xml/en_Fert.xml</Value>
		<Value name = "hddcdd">../input/gcamdata/xml/HDDCDD_constdd_no_GCM.xml</Value>
		<Value name = "building">../input/gcamdata/xml/building_det.xml</Value>
		<Value name = "transportation">../input/gcamdata/xml/transportation_UCD_CORE.xml</Value>
		<Value name = "carbon_content">../input/gcamdata/xml/Ccoef.xml</Value>
		<Value name = "carbon_storage">../input/gcamdata/xml/Cstorage.xml</Value>


		<Value name = "ag_base">../input/gcamdata/xml/ag_For_Past_bio_base_IRR_MGMT.xml</Value>
		<Value name = "ag_cost">../input/gcamdata/xml/ag_cost_IRR_MGMT.xml</Value>
		<Value name = "ag_prodchange">../input/gcamdata/xml/ag_prodchange_ref_IRR_MGMT.xml</Value>
		<Value name = "residue_bio">../input/gcamdata/xml/resbio_input_IRR_MGMT.xml</Value>
		<Value name = "animal">../input/gcamdata/xml/an_input.xml</Value>
		<Value name = "fertilizer">../input/gcamdata/xml/ag_Fert_IRR_MGMT.xml</Value>
		<Value name = "land1">../input/gcamdata/xml/land_input_1.xml</Value>
		<Value name = "land2">../input/gcamdata/xml/land_input_2.xml</Value>
		<Value name = "land3">../input/gcamdata/xml/land_input_3_IRR.xml</Value>
		<Value name = "land4">../input/gcamdata/xml/land_input_4_IRR_MGMT.xml</Value>
		<Value name = "land5">../input/gcamdata/xml/land_input_5_IRR_MGMT.xml</Value>
		<Value name = "protected_land2">../input/gcamdata/xml/protected_land_input_2.xml</Value>
		<Value name = "protected_land3">../input/gcamdata/xml/protected_land_input_3.xml</Value>
		<Value name = "demand">../input/gcamdata/xml/demand_input.xml</Value>
		<Value name = "bio_trade">../input/gcamdata/xml/bio_trade.xml</Value>
		<Value name = "ag_trade">../input/gcamdata/xml/ag_trade.xml</Value>

		<Value name = "unlim_supply_water">../input/gcamdata/xml/unlimited_water_supply.xml</Value>
		<Value name = "water_mapping">../input/gcamdata/xml/water_mapping.xml</Value>
		<Value name = "ag_water">../input/gcamdata/xml/ag_water_input_IRR_MGMT.xml</Value>
		<Value name = "ind_water">../input/gcamdata/xml/water_demand_industry.xml</Value>
		<Value name = "an_water">../input/gcamdata/xml/water_demand_livestock.xml</Value>
		<Value name = "municipal_water">../input/gcamdata/xml/water_demand_municipal.xml</Value>
		<Value name = "primary_ene_water">../input/gcamdata/xml/water_demand_primary.xml</Value>

		<Value name = "bio_feedstock_limit">../input/gcamdata/xml/liquids_limits.xml</Value>
		<Value name = "bio_neg_emiss_budget">../input/gcamdata/xml/negative_emissions_budget_gSSP2.xml</Value>
<!-- solver when not using CSAPR additions -->
		<Value name = "solver">../input/solution/cal_broyden_config.xml</Value>
<!-- solver when using CSAPR additions -->
		<!--Value name = "solver">../input/solution/cal_broyden_config_NOx_SO2_markets.xml</Value-->

		<Value name = "socio_usa">../input/gcamdata/xml/socioeconomics_USA.xml</Value>
		<Value name = "socio_usa">../input/gcamdata/xml/socioeconomics_update_USA.xml</Value>
		<!--Value name = "interest_usa">../input/gcamdata/xml/interest_rate_USA.xml</Value-->
		<Value name = "resource_usa">../input/gcamdata/xml/resources_USA.xml</Value>
		<Value name = "Cstorage_usa">../input/gcamdata/xml/Cstorage_USA.xml</Value>
		<Value name = "prices_usa">../input/gcamdata/xml/en_prices_USA.xml</Value>
		<Value name = "en_transform_usa">../input/gcamdata/xml/en_transformation_USA.xml</Value>
		<Value name = "elec_usa">../input/gcamdata/xml/elec_segments_USA.xml</Value>
		<Value name = "h2_usa">../input/gcamdata/xml/hydrogen_USA.xml</Value>
		<Value name = "elect_td_usa">../input/gcamdata/xml/electd_USA.xml</Value>
		<Value name = "trn_usa">../input/gcamdata/xml/transportation_USA.xml</Value>
		<Value name = "bld_usa">../input/gcamdata/xml/building_USA.xml</Value>
		<Value name = "dd_usa">../input/gcamdata/xml/HDDCDD_constdds_USA.xml</Value>
		<Value name = "ind_usa">../input/gcamdata/xml/industry_USA.xml</Value>
		<Value name = "ind_usa">../input/gcamdata/xml/industry_vintage_USA.xml</Value>
		<Value name = "cement_usa">../input/gcamdata/xml/cement_USA.xml</Value>
		<Value name = "fert_usa">../input/gcamdata/xml/Fert_USA.xml</Value>

		<Value name = "solar_usa">../input/gcamdata/xml/solar_reeds_USA.xml</Value>
		<Value name = "wind_usa">../input/gcamdata/xml/wind_reeds_USA.xml</Value>
		<Value name = "hydro_usa">../input/gcamdata/xml/elec_hydro_USA.xml</Value>
		<Value name = "nuc_usa">../input/gcamdata/xml/nuclear_USA.xml</Value>
		<Value name = "no_new_coal_usa">../input/gcamdata/xml/nonewcoal_USA.xml</Value>
		<Value name = "coal_retire_usa">../input/gcamdata/xml/coal_retire_USA.xml</Value>
		<Value name = "coal_vintage_usa">../input/gcamdata/xml/coal_vintage_USA.xml</Value>
		<Value name = "elecS_costs">../input/gcamdata/xml/elecS_costs_USA.xml</Value>
		<Value name = "ITC_usa">../input/gcamdata/xml/elecS_costs_USA_itc.xml</Value>
		<Value name = "PTC_usa">../input/gcamdata/xml/elecS_costs_USA_ptc.xml</Value>

		<Value name = "liq_lim_usa">../input/gcamdata/xml/liquids_limits_USA.xml</Value>
		<Value name = "neg_emiss_usa">../input/gcamdata/xml/negative_emissions_budget_USA_gSSP2.xml</Value>
		<Value name = "USA_regional_bio">../input/gcamdata/xml/regional_biomass_USA.xml</Value>

<!-- Non-CO2 additions -->

		<Value name = "bld_emiss_USA">../input/gcam-usa-non-CO2/bld_emissions_USA.xml</Value>
		<Value name = "trn_emiss_USA">../input/gcam-usa-non-CO2/transport_emissions_USA.xml</Value>
		<Value name = "othertrn_emiss_USA">../input/gcam-usa-non-CO2/othertrn_emissions_USA.xml</Value>
		<Value name = "refining_emiss_USA">../input/gcam-usa-non-CO2/en_nonghg_emissions_USA.xml</Value>
		<Value name = "indenergy_emiss_USA">../input/gcam-usa-non-CO2/indenergy_emissions_USA.xml</Value>
		<!--Value name = "indenergy_emiss_MAC_USA">../input/gcam-usa-non-CO2/indenergy_emissions_MAC_USA.xml</Value-->

		<Value name = "ind_urb_proc_sectors_USA">../input/gcam-usa-non-CO2/ind_urb_processing_sectors_USA.xml</Value>
		<Value name = "ind_urb_proc_emiss_USA">../input/gcam-usa-non-CO2/ind_urb_proc_emissions_USA.xml</Value>

		<Value name = "elec_emiss_USA">../input/gcam-usa-non-CO2/elc_nonghg_USA.xml</Value>
<!-- CSAPR market additions -->
		<!--Value name = "CSAPR_cap">../input/gcam-usa-non-CO2/CSAPR/NOX_ALL_cap_2020.xml</Value-->
		<!--Value name = "CSAPR_cap">../input/gcam-usa-non-CO2/CSAPR/SO2_ALL_cap_2020.xml</Value-->
		<!--Value name = "elec_emiss_MAC_USA">../input/gcam-usa-non-CO2/elec_emissions_MAC_USA.xml</Value-->
		<!--Value name = "CSAPR_link">../input/gcam-usa-non-CO2/CSAPR/NOx_linked_ghg_policy_ALLCAPS.xml</Value-->
		<!--Value name = "CSAPR_link">../input/gcam-usa-non-CO2/CSAPR/SO2_linked_ghg_policy_ALLCAPS.xml</Value-->

<!-- keep this commented out -->
		<!--Value name = "supply_demand_curve">../input/extra/supply_demand_curves_TN_NOx_SO2.xml</Value-->


	</ScenarioComponents>
	<Strings>
		<Value name="scenarioName">nonCO2_ref</Value>
		<Value name="debug-region">OH</Value>
		<Value name="MAGICC-input-dir">../input/magicc/inputs</Value>
		<Value name="MAGICC-output-dir">../output</Value>
	</Strings>
	<Bools>
		<Value name="CalibrationActive">1</Value>
		<Value name="BatchMode">0</Value>
		<Value name="find-path">0</Value>
		<Value name="createCostCurve">0</Value>
		<Value name="debugChecking">0</Value>
		<Value name="simulActive">1</Value>
		<Value name="PrintValuesOnGraphs">1</Value>
		<Value name="ShowNullPaths">0</Value>
		<Value name="PrintPrices">1</Value>
	</Bools>
	<Ints>
		<Value name="numMarketsToFindSD">10</Value>
		<Value name="numPointsForSD">21</Value>
		<Value name="numPointsForCO2CostCurve">5</Value>
		<Value name="carbon-output-start-year">1705</Value>
		<Value name="climateOutputInterval">5</Value>
		<Value name="parallel-grain-size">50</Value>
		<Value name="stop-period">-1</Value>
		<Value name="restart-period">-1</Value>
	</Ints>
	<Doubles>
	</Doubles>
</Configuration>
