<?xml version="1.0" encoding="UTF-8"?>
<scenario>
   <world>
      <region name="AL">
         <ghgpolicy name="NOx_Price">
            <market>AL</market>
            <constraint year="2020">0.025</constraint>
            <constraint year="2025">0.026</constraint>
            <constraint year="2030">0.026</constraint>
            <constraint year="2035">0.026</constraint>
            <constraint year="2040">0.026</constraint>
            <constraint year="2045">0.026</constraint>
            <constraint year="2050">0.026</constraint>
            <constraint year="2055">0.026</constraint>
            <constraint year="2060">0.026</constraint>
            <constraint year="2065">0.026</constraint>
            <constraint year="2070">0.026</constraint>
            <constraint year="2075">0.026</constraint>
            <constraint year="2080">0.026</constraint>
            <constraint year="2085">0.026</constraint>
            <constraint year="2090">0.026</constraint>
            <constraint year="2095">0.026</constraint>
            <constraint year="2100">0.026</constraint>
         </ghgpolicy>
      </region>
      <region name="GA">
         <ghgpolicy name="NOx_Price">
            <market>GA</market>
            <constraint year="2020">0.023</constraint>
            <constraint year="2025">0.027</constraint>
            <constraint year="2030">0.024</constraint>
            <constraint year="2035">0.024</constraint>
            <constraint year="2040">0.024</constraint>
            <constraint year="2045">0.024</constraint>
            <constraint year="2050">0.024</constraint>
            <constraint year="2055">0.024</constraint>
            <constraint year="2060">0.024</constraint>
            <constraint year="2065">0.024</constraint>
            <constraint year="2070">0.024</constraint>
            <constraint year="2075">0.024</constraint>
            <constraint year="2080">0.024</constraint>
            <constraint year="2085">0.024</constraint>
            <constraint year="2090">0.024</constraint>
            <constraint year="2095">0.024</constraint>
            <constraint year="2100">0.024</constraint>
         </ghgpolicy>
      </region>
      <region name="IA">
         <ghgpolicy name="NOx_Price">
            <market>IA</market>
            <constraint year="2020">0.019</constraint>
            <constraint year="2025">0.019</constraint>
            <constraint year="2030">0.019</constraint>
            <constraint year="2035">0.019</constraint>
            <constraint year="2040">0.019</constraint>
            <constraint year="2045">0.019</constraint>
            <constraint year="2050">0.019</constraint>
            <constraint year="2055">0.019</constraint>
            <constraint year="2060">0.019</constraint>
            <constraint year="2065">0.019</constraint>
            <constraint year="2070">0.019</constraint>
            <constraint year="2075">0.019</constraint>
            <constraint year="2080">0.019</constraint>
            <constraint year="2085">0.019</constraint>
            <constraint year="2090">0.019</constraint>
            <constraint year="2095">0.019</constraint>
            <constraint year="2100">0.019</constraint>
         </ghgpolicy>
      </region>
      <region name="IL">
         <ghgpolicy name="NOx_Price">
            <market>IL</market>
            <constraint year="2020">0.032</constraint>
            <constraint year="2025">0.033</constraint>
            <constraint year="2030">0.033</constraint>
            <constraint year="2035">0.033</constraint>
            <constraint year="2040">0.033</constraint>
            <constraint year="2045">0.033</constraint>
            <constraint year="2050">0.033</constraint>
            <constraint year="2055">0.033</constraint>
            <constraint year="2060">0.033</constraint>
            <constraint year="2065">0.033</constraint>
            <constraint year="2070">0.033</constraint>
            <constraint year="2075">0.033</constraint>
            <constraint year="2080">0.033</constraint>
            <constraint year="2085">0.033</constraint>
            <constraint year="2090">0.033</constraint>
            <constraint year="2095">0.033</constraint>
            <constraint year="2100">0.033</constraint>
         </ghgpolicy>
      </region>
      <region name="IN">
         <ghgpolicy name="NOx_Price">
            <market>IN</market>
            <constraint year="2020">0.090</constraint>
            <constraint year="2025">0.092</constraint>
            <constraint year="2030">0.077</constraint>
            <constraint year="2035">0.077</constraint>
            <constraint year="2040">0.077</constraint>
            <constraint year="2045">0.077</constraint>
            <constraint year="2050">0.077</constraint>
            <constraint year="2055">0.077</constraint>
            <constraint year="2060">0.077</constraint>
            <constraint year="2065">0.077</constraint>
            <constraint year="2070">0.077</constraint>
            <constraint year="2075">0.077</constraint>
            <constraint year="2080">0.077</constraint>
            <constraint year="2085">0.077</constraint>
            <constraint year="2090">0.077</constraint>
            <constraint year="2095">0.077</constraint>
            <constraint year="2100">0.077</constraint>
         </ghgpolicy>
      </region>
      <region name="KS">
         <ghgpolicy name="NOx_Price">
            <market>KS</market>
            <constraint year="2020">0.023</constraint>
            <constraint year="2025">0.023</constraint>
            <constraint year="2030">0.024</constraint>
            <constraint year="2035">0.024</constraint>
            <constraint year="2040">0.024</constraint>
            <constraint year="2045">0.024</constraint>
            <constraint year="2050">0.024</constraint>
            <constraint year="2055">0.024</constraint>
            <constraint year="2060">0.024</constraint>
            <constraint year="2065">0.024</constraint>
            <constraint year="2070">0.024</constraint>
            <constraint year="2075">0.024</constraint>
            <constraint year="2080">0.024</constraint>
            <constraint year="2085">0.024</constraint>
            <constraint year="2090">0.024</constraint>
            <constraint year="2095">0.024</constraint>
            <constraint year="2100">0.024</constraint>
         </ghgpolicy>
      </region>
      <region name="KY">
         <ghgpolicy name="NOx_Price">
            <market>KY</market>
            <constraint year="2020">0.063</constraint>
            <constraint year="2025">0.068</constraint>
            <constraint year="2030">0.066</constraint>
            <constraint year="2035">0.066</constraint>
            <constraint year="2040">0.066</constraint>
            <constraint year="2045">0.066</constraint>
            <constraint year="2050">0.066</constraint>
            <constraint year="2055">0.066</constraint>
            <constraint year="2060">0.066</constraint>
            <constraint year="2065">0.066</constraint>
            <constraint year="2070">0.066</constraint>
            <constraint year="2075">0.066</constraint>
            <constraint year="2080">0.066</constraint>
            <constraint year="2085">0.066</constraint>
            <constraint year="2090">0.066</constraint>
            <constraint year="2095">0.066</constraint>
            <constraint year="2100">0.066</constraint>
         </ghgpolicy>
      </region>
      <region name="MD">
         <ghgpolicy name="NOx_Price">
            <market>MD</market>
            <constraint year="2020">0.008</constraint>
            <constraint year="2025">0.008</constraint>
            <constraint year="2030">0.007</constraint>
            <constraint year="2035">0.007</constraint>
            <constraint year="2040">0.007</constraint>
            <constraint year="2045">0.007</constraint>
            <constraint year="2050">0.007</constraint>
            <constraint year="2055">0.007</constraint>
            <constraint year="2060">0.007</constraint>
            <constraint year="2065">0.007</constraint>
            <constraint year="2070">0.007</constraint>
            <constraint year="2075">0.007</constraint>
            <constraint year="2080">0.007</constraint>
            <constraint year="2085">0.007</constraint>
            <constraint year="2090">0.007</constraint>
            <constraint year="2095">0.007</constraint>
            <constraint year="2100">0.007</constraint>
         </ghgpolicy>
      </region>
      <region name="MI">
         <ghgpolicy name="NOx_Price">
            <market>MI</market>
            <constraint year="2020">0.063</constraint>
            <constraint year="2025">0.062</constraint>
            <constraint year="2030">0.062</constraint>
            <constraint year="2035">0.062</constraint>
            <constraint year="2040">0.062</constraint>
            <constraint year="2045">0.062</constraint>
            <constraint year="2050">0.062</constraint>
            <constraint year="2055">0.062</constraint>
            <constraint year="2060">0.062</constraint>
            <constraint year="2065">0.062</constraint>
            <constraint year="2070">0.062</constraint>
            <constraint year="2075">0.062</constraint>
            <constraint year="2080">0.062</constraint>
            <constraint year="2085">0.062</constraint>
            <constraint year="2090">0.062</constraint>
            <constraint year="2095">0.062</constraint>
            <constraint year="2100">0.062</constraint>
         </ghgpolicy>
      </region>
      <region name="MN">
         <ghgpolicy name="NOx_Price">
            <market>MN</market>
            <constraint year="2020">0.022</constraint>
            <constraint year="2025">0.023</constraint>
            <constraint year="2030">0.023</constraint>
            <constraint year="2035">0.023</constraint>
            <constraint year="2040">0.023</constraint>
            <constraint year="2045">0.023</constraint>
            <constraint year="2050">0.023</constraint>
            <constraint year="2055">0.023</constraint>
            <constraint year="2060">0.023</constraint>
            <constraint year="2065">0.023</constraint>
            <constraint year="2070">0.023</constraint>
            <constraint year="2075">0.023</constraint>
            <constraint year="2080">0.023</constraint>
            <constraint year="2085">0.023</constraint>
            <constraint year="2090">0.023</constraint>
            <constraint year="2095">0.023</constraint>
            <constraint year="2100">0.023</constraint>
         </ghgpolicy>
      </region>
      <region name="MO">
         <ghgpolicy name="NOx_Price">
            <market>MO</market>
            <constraint year="2020">0.042</constraint>
            <constraint year="2025">0.043</constraint>
            <constraint year="2030">0.043</constraint>
            <constraint year="2035">0.043</constraint>
            <constraint year="2040">0.043</constraint>
            <constraint year="2045">0.043</constraint>
            <constraint year="2050">0.043</constraint>
            <constraint year="2055">0.043</constraint>
            <constraint year="2060">0.043</constraint>
            <constraint year="2065">0.043</constraint>
            <constraint year="2070">0.043</constraint>
            <constraint year="2075">0.043</constraint>
            <constraint year="2080">0.043</constraint>
            <constraint year="2085">0.043</constraint>
            <constraint year="2090">0.043</constraint>
            <constraint year="2095">0.043</constraint>
            <constraint year="2100">0.043</constraint>
         </ghgpolicy>
      </region>
      <region name="NC">
         <ghgpolicy name="NOx_Price">
            <market>NC</market>
            <constraint year="2020">0.042</constraint>
            <constraint year="2025">0.045</constraint>
            <constraint year="2030">0.043</constraint>
            <constraint year="2035">0.043</constraint>
            <constraint year="2040">0.043</constraint>
            <constraint year="2045">0.043</constraint>
            <constraint year="2050">0.043</constraint>
            <constraint year="2055">0.043</constraint>
            <constraint year="2060">0.043</constraint>
            <constraint year="2065">0.043</constraint>
            <constraint year="2070">0.043</constraint>
            <constraint year="2075">0.043</constraint>
            <constraint year="2080">0.043</constraint>
            <constraint year="2085">0.043</constraint>
            <constraint year="2090">0.043</constraint>
            <constraint year="2095">0.043</constraint>
            <constraint year="2100">0.043</constraint>
         </ghgpolicy>
      </region>
        <region name = "NE">
            <ghgpolicy name = "NOx_Price">
                <market>NE</market>
                <constraint year = "2020">0.03</constraint>
                <constraint year = "2025">0.03</constraint>
                <constraint year = "2030">0.03</constraint>
                <constraint year = "2035">0.03</constraint>
                <constraint year = "2040">0.03</constraint>
                <constraint year = "2045">0.03</constraint>
                <constraint year = "2050">0.03</constraint>
            <constraint year="2055">0.03</constraint>
            <constraint year="2060">0.03</constraint>
            <constraint year="2065">0.03</constraint>
            <constraint year="2070">0.03</constraint>
            <constraint year="2075">0.03</constraint>
            <constraint year="2080">0.03</constraint>
            <constraint year="2085">0.03</constraint>
            <constraint year="2090">0.03</constraint>
            <constraint year="2095">0.03</constraint>
            <constraint year="2100">0.03</constraint>
            </ghgpolicy>
        </region>
      <region name="NJ">
         <ghgpolicy name="NOx_Price">
            <market>NJ</market>
            <constraint year="2020">0.009</constraint>
            <constraint year="2025">0.010</constraint>
            <constraint year="2030">0.009</constraint>
            <constraint year="2035">0.009</constraint>
            <constraint year="2040">0.009</constraint>
            <constraint year="2045">0.009</constraint>
            <constraint year="2050">0.009</constraint>
            <constraint year="2055">0.009</constraint>
            <constraint year="2060">0.009</constraint>
            <constraint year="2065">0.009</constraint>
            <constraint year="2070">0.009</constraint>
            <constraint year="2075">0.009</constraint>
            <constraint year="2080">0.009</constraint>
            <constraint year="2085">0.009</constraint>
            <constraint year="2090">0.009</constraint>
            <constraint year="2095">0.009</constraint>
            <constraint year="2100">0.009</constraint>
         </ghgpolicy>
      </region>
      <region name="NY">
         <ghgpolicy name="NOx_Price">
            <market>NY</market>
            <constraint year="2020">0.016</constraint>
            <constraint year="2025">0.016</constraint>
            <constraint year="2030">0.014</constraint>
            <constraint year="2035">0.014</constraint>
            <constraint year="2040">0.014</constraint>
            <constraint year="2045">0.014</constraint>
            <constraint year="2050">0.014</constraint>
            <constraint year="2055">0.014</constraint>
            <constraint year="2060">0.014</constraint>
            <constraint year="2065">0.014</constraint>
            <constraint year="2070">0.014</constraint>
            <constraint year="2075">0.014</constraint>
            <constraint year="2080">0.014</constraint>
            <constraint year="2085">0.014</constraint>
            <constraint year="2090">0.014</constraint>
            <constraint year="2095">0.014</constraint>
            <constraint year="2100">0.014</constraint>
         </ghgpolicy>
      </region>
      <region name="OH">
         <ghgpolicy name="NOx_Price">
            <market>OH</market>
            <constraint year="2020">0.064</constraint>
            <constraint year="2025">0.064</constraint>
            <constraint year="2030">0.064</constraint>
            <constraint year="2035">0.064</constraint>
            <constraint year="2040">0.064</constraint>
            <constraint year="2045">0.064</constraint>
            <constraint year="2050">0.064</constraint>
            <constraint year="2055">0.064</constraint>
            <constraint year="2060">0.064</constraint>
            <constraint year="2065">0.064</constraint>
            <constraint year="2070">0.064</constraint>
            <constraint year="2075">0.064</constraint>
            <constraint year="2080">0.064</constraint>
            <constraint year="2085">0.064</constraint>
            <constraint year="2090">0.064</constraint>
            <constraint year="2095">0.064</constraint>
            <constraint year="2100">0.064</constraint>
         </ghgpolicy>
      </region>
      <region name="PA">
         <ghgpolicy name="NOx_Price">
            <market>PA</market>
            <constraint year="2020">0.108</constraint>
            <constraint year="2025">0.110</constraint>
            <constraint year="2030">0.109</constraint>
            <constraint year="2035">0.109</constraint>
            <constraint year="2040">0.109</constraint>
            <constraint year="2045">0.109</constraint>
            <constraint year="2050">0.109</constraint>
            <constraint year="2055">0.109</constraint>
            <constraint year="2060">0.109</constraint>
            <constraint year="2065">0.109</constraint>
            <constraint year="2070">0.109</constraint>
            <constraint year="2075">0.109</constraint>
            <constraint year="2080">0.109</constraint>
            <constraint year="2085">0.109</constraint>
            <constraint year="2090">0.109</constraint>
            <constraint year="2095">0.109</constraint>
            <constraint year="2100">0.109</constraint>
         </ghgpolicy>
      </region>
      <region name="SC">
         <ghgpolicy name="NOx_Price">
            <market>SC</market>
            <constraint year="2020">0.011</constraint>
            <constraint year="2025">0.014</constraint>
            <constraint year="2030">0.013</constraint>
            <constraint year="2035">0.013</constraint>
            <constraint year="2040">0.013</constraint>
            <constraint year="2045">0.013</constraint>
            <constraint year="2050">0.013</constraint>
            <constraint year="2055">0.013</constraint>
            <constraint year="2060">0.013</constraint>
            <constraint year="2065">0.013</constraint>
            <constraint year="2070">0.013</constraint>
            <constraint year="2075">0.013</constraint>
            <constraint year="2080">0.013</constraint>
            <constraint year="2085">0.013</constraint>
            <constraint year="2090">0.013</constraint>
            <constraint year="2095">0.013</constraint>
            <constraint year="2100">0.013</constraint>
         </ghgpolicy>
      </region>
      <region name="TN">
         <ghgpolicy name="NOx_Price">
            <market>TN</market>
            <constraint year="2020">0.013</constraint>
            <constraint year="2025">0.014</constraint>
            <constraint year="2030">0.014</constraint>
            <constraint year="2035">0.014</constraint>
            <constraint year="2040">0.014</constraint>
            <constraint year="2045">0.014</constraint>
            <constraint year="2050">0.014</constraint>
            <constraint year="2055">0.014</constraint>
            <constraint year="2060">0.014</constraint>
            <constraint year="2065">0.014</constraint>
            <constraint year="2070">0.014</constraint>
            <constraint year="2075">0.014</constraint>
            <constraint year="2080">0.014</constraint>
            <constraint year="2085">0.014</constraint>
            <constraint year="2090">0.014</constraint>
            <constraint year="2095">0.014</constraint>
            <constraint year="2100">0.014</constraint>
         </ghgpolicy>
      </region>
      <region name="TX">
         <ghgpolicy name="NOx_Price">
            <market>TX</market>
            <constraint year="2020">0.116</constraint>
            <constraint year="2025">0.120</constraint>
            <constraint year="2030">0.119</constraint>
            <constraint year="2035">0.119</constraint>
            <constraint year="2040">0.119</constraint>
            <constraint year="2045">0.119</constraint>
            <constraint year="2050">0.119</constraint>
            <constraint year="2055">0.119</constraint>
            <constraint year="2060">0.119</constraint>
            <constraint year="2065">0.119</constraint>
            <constraint year="2070">0.119</constraint>
            <constraint year="2075">0.119</constraint>
            <constraint year="2080">0.119</constraint>
            <constraint year="2085">0.119</constraint>
            <constraint year="2090">0.119</constraint>
            <constraint year="2095">0.119</constraint>
            <constraint year="2100">0.119</constraint>
         </ghgpolicy>
      </region>
      <region name="VA">
         <ghgpolicy name="NOx_Price">
            <market>VA</market>
            <constraint year="2020">0.022</constraint>
            <constraint year="2025">0.023</constraint>
            <constraint year="2030">0.021</constraint>
            <constraint year="2035">0.021</constraint>
            <constraint year="2040">0.021</constraint>
            <constraint year="2045">0.021</constraint>
            <constraint year="2050">0.021</constraint>
            <constraint year="2055">0.021</constraint>
            <constraint year="2060">0.021</constraint>
            <constraint year="2065">0.021</constraint>
            <constraint year="2070">0.021</constraint>
            <constraint year="2075">0.021</constraint>
            <constraint year="2080">0.021</constraint>
            <constraint year="2085">0.021</constraint>
            <constraint year="2090">0.021</constraint>
            <constraint year="2095">0.021</constraint>
            <constraint year="2100">0.021</constraint>
         </ghgpolicy>
      </region>
      <region name="WI">
         <ghgpolicy name="NOx_Price">
            <market>WI</market>
            <constraint year="2020">0.017</constraint>
            <constraint year="2025">0.017</constraint>
            <constraint year="2030">0.017</constraint>
            <constraint year="2035">0.017</constraint>
            <constraint year="2040">0.017</constraint>
            <constraint year="2045">0.017</constraint>
            <constraint year="2050">0.017</constraint>
            <constraint year="2055">0.017</constraint>
            <constraint year="2060">0.017</constraint>
            <constraint year="2065">0.017</constraint>
            <constraint year="2070">0.017</constraint>
            <constraint year="2075">0.017</constraint>
            <constraint year="2080">0.017</constraint>
            <constraint year="2085">0.017</constraint>
            <constraint year="2090">0.017</constraint>
            <constraint year="2095">0.017</constraint>
            <constraint year="2100">0.017</constraint>
         </ghgpolicy>
      </region>
      <region name="WV">
         <ghgpolicy name="NOx_Price">
            <market>WV</market>
            <constraint year="2020">0.056</constraint>
            <constraint year="2025">0.057</constraint>
            <constraint year="2030">0.057</constraint>
            <constraint year="2035">0.057</constraint>
            <constraint year="2040">0.057</constraint>
            <constraint year="2045">0.057</constraint>
            <constraint year="2050">0.057</constraint>
            <constraint year="2055">0.057</constraint>
            <constraint year="2060">0.057</constraint>
            <constraint year="2065">0.057</constraint>
            <constraint year="2070">0.057</constraint>
            <constraint year="2075">0.057</constraint>
            <constraint year="2080">0.057</constraint>
            <constraint year="2085">0.057</constraint>
            <constraint year="2090">0.057</constraint>
            <constraint year="2095">0.057</constraint>
            <constraint year="2100">0.057</constraint>
         </ghgpolicy>
      </region>
   </world>
</scenario>
