<?xml version="1.0" encoding="UTF-8"?>
<scenario>
   <world>
      <region name="AL">
         <linked-ghg-policy name="SO2_ELEC">
            <price-adjust fillout="1" year="1975">1</price-adjust>
            <demand-adjust fillout="1" year="1975">1</demand-adjust>
            <market>AL</market>
            <linked-policy>SO2_Price</linked-policy>
            <price-unit>1990$/MtSO2</price-unit>
            <output-unit>Tg</output-unit>
         </linked-ghg-policy>    
      </region>
      <region name="GA">
         <linked-ghg-policy name="SO2_ELEC">
            <price-adjust fillout="1" year="1975">1</price-adjust>
            <demand-adjust fillout="1" year="1975">1</demand-adjust>
            <market>GA</market>
            <linked-policy>SO2_Price</linked-policy>
            <price-unit>1990$/MtSO2</price-unit>
            <output-unit>Tg</output-unit>
         </linked-ghg-policy>    
      </region>
      <region name="IA">
         <linked-ghg-policy name="SO2_ELEC">
            <price-adjust fillout="1" year="1975">1</price-adjust>
            <demand-adjust fillout="1" year="1975">1</demand-adjust>
            <market>IA</market>
            <linked-policy>SO2_Price</linked-policy>
            <price-unit>1990$/MtSO2</price-unit>
            <output-unit>Tg</output-unit>
         </linked-ghg-policy>    
      </region>
      <region name="IL">
         <linked-ghg-policy name="SO2_ELEC">
            <price-adjust fillout="1" year="1975">1</price-adjust>
            <demand-adjust fillout="1" year="1975">1</demand-adjust>
            <market>IL</market>
            <linked-policy>SO2_Price</linked-policy>
            <price-unit>1990$/MtSO2</price-unit>
            <output-unit>Tg</output-unit>
         </linked-ghg-policy>    
      </region>
      <region name="IN">
         <linked-ghg-policy name="SO2_ELEC">
            <price-adjust fillout="1" year="1975">1</price-adjust>
            <demand-adjust fillout="1" year="1975">1</demand-adjust>
            <market>IN</market>
            <linked-policy>SO2_Price</linked-policy>
            <price-unit>1990$/MtSO2</price-unit>
            <output-unit>Tg</output-unit>
         </linked-ghg-policy>    
      </region>
      <region name="KS">
         <linked-ghg-policy name="SO2_ELEC">
            <price-adjust fillout="1" year="1975">1</price-adjust>
            <demand-adjust fillout="1" year="1975">1</demand-adjust>
            <market>KS</market>
            <linked-policy>SO2_Price</linked-policy>
            <price-unit>1990$/MtSO2</price-unit>
            <output-unit>Tg</output-unit>
         </linked-ghg-policy>    
      </region>
      <region name="KY">
         <linked-ghg-policy name="SO2_ELEC">
            <price-adjust fillout="1" year="1975">1</price-adjust>
            <demand-adjust fillout="1" year="1975">1</demand-adjust>
            <market>KY</market>
            <linked-policy>SO2_Price</linked-policy>
            <price-unit>1990$/MtSO2</price-unit>
            <output-unit>Tg</output-unit>
         </linked-ghg-policy>    
      </region>
      <region name="MD">
         <linked-ghg-policy name="SO2_ELEC">
            <price-adjust fillout="1" year="1975">1</price-adjust>
            <demand-adjust fillout="1" year="1975">1</demand-adjust>
            <market>MD</market>
            <linked-policy>SO2_Price</linked-policy>
            <price-unit>1990$/MtSO2</price-unit>
            <output-unit>Tg</output-unit>
         </linked-ghg-policy>    
      </region>
      <region name="MI">
         <linked-ghg-policy name="SO2_ELEC">
            <price-adjust fillout="1" year="1975">1</price-adjust>
            <demand-adjust fillout="1" year="1975">1</demand-adjust>
            <market>MI</market>
            <linked-policy>SO2_Price</linked-policy>
            <price-unit>1990$/MtSO2</price-unit>
            <output-unit>Tg</output-unit>
         </linked-ghg-policy>    
      </region>
      <region name="MN">
         <linked-ghg-policy name="SO2_ELEC">
            <price-adjust fillout="1" year="1975">1</price-adjust>
            <demand-adjust fillout="1" year="1975">1</demand-adjust>
            <market>MN</market>
            <linked-policy>SO2_Price</linked-policy>
            <price-unit>1990$/MtSO2</price-unit>
            <output-unit>Tg</output-unit>
         </linked-ghg-policy>    
      </region>
      <region name="MO">
         <linked-ghg-policy name="SO2_ELEC">
            <price-adjust fillout="1" year="1975">1</price-adjust>
            <demand-adjust fillout="1" year="1975">1</demand-adjust>
            <market>MO</market>
            <linked-policy>SO2_Price</linked-policy>
            <price-unit>1990$/MtSO2</price-unit>
            <output-unit>Tg</output-unit>
         </linked-ghg-policy>    
      </region>
      <region name="NC">
         <linked-ghg-policy name="SO2_ELEC">
            <price-adjust fillout="1" year="1975">1</price-adjust>
            <demand-adjust fillout="1" year="1975">1</demand-adjust>
            <market>NC</market>
            <linked-policy>SO2_Price</linked-policy>
            <price-unit>1990$/MtSO2</price-unit>
            <output-unit>Tg</output-unit>
         </linked-ghg-policy>    
      </region>
      <region name="NE">
         <linked-ghg-policy name="SO2_ELEC">
            <price-adjust fillout="1" year="1975">1</price-adjust>
            <demand-adjust fillout="1" year="1975">1</demand-adjust>
            <market>NE</market>
            <linked-policy>SO2_Price</linked-policy>
            <price-unit>1990$/MtSO2</price-unit>
            <output-unit>Tg</output-unit>
         </linked-ghg-policy>    
      </region>
      <region name="NJ">
         <linked-ghg-policy name="SO2_ELEC">
            <price-adjust fillout="1" year="1975">1</price-adjust>
            <demand-adjust fillout="1" year="1975">1</demand-adjust>
            <market>NJ</market>
            <linked-policy>SO2_Price</linked-policy>
            <price-unit>1990$/MtSO2</price-unit>
            <output-unit>Tg</output-unit>
         </linked-ghg-policy>    
      </region>
      <region name="NY">
         <linked-ghg-policy name="SO2_ELEC">
            <price-adjust fillout="1" year="1975">1</price-adjust>
            <demand-adjust fillout="1" year="1975">1</demand-adjust>
            <market>NY</market>
            <linked-policy>SO2_Price</linked-policy>
            <price-unit>1990$/MtSO2</price-unit>
            <output-unit>Tg</output-unit>
         </linked-ghg-policy>    
      </region>
      <region name="OH">
         <linked-ghg-policy name="SO2_ELEC">
            <price-adjust fillout="1" year="1975">1</price-adjust>
            <demand-adjust fillout="1" year="1975">1</demand-adjust>
            <market>OH</market>
            <linked-policy>SO2_Price</linked-policy>
            <price-unit>1990$/MtSO2</price-unit>
            <output-unit>Tg</output-unit>
         </linked-ghg-policy>    
      </region>
      <region name="PA">
         <linked-ghg-policy name="SO2_ELEC">
            <price-adjust fillout="1" year="1975">1</price-adjust>
            <demand-adjust fillout="1" year="1975">1</demand-adjust>
            <market>PA</market>
            <linked-policy>SO2_Price</linked-policy>
            <price-unit>1990$/MtSO2</price-unit>
            <output-unit>Tg</output-unit>
         </linked-ghg-policy>    
      </region>
      <region name="SC">
         <linked-ghg-policy name="SO2_ELEC">
            <price-adjust fillout="1" year="1975">1</price-adjust>
            <demand-adjust fillout="1" year="1975">1</demand-adjust>
            <market>SC</market>
            <linked-policy>SO2_Price</linked-policy>
            <price-unit>1990$/MtSO2</price-unit>
            <output-unit>Tg</output-unit>
         </linked-ghg-policy>    
      </region>
      <region name="TN">
         <linked-ghg-policy name="SO2_ELEC">
            <price-adjust fillout="1" year="1975">1</price-adjust>
            <demand-adjust fillout="1" year="1975">1</demand-adjust>
            <market>TN</market>
            <linked-policy>SO2_Price</linked-policy>
            <price-unit>1990$/MtSO2</price-unit>
            <output-unit>Tg</output-unit>
         </linked-ghg-policy>    
      </region>
      <region name="TX">
         <linked-ghg-policy name="SO2_ELEC">
            <price-adjust fillout="1" year="1975">1</price-adjust>
            <demand-adjust fillout="1" year="1975">1</demand-adjust>
            <market>TX</market>
            <linked-policy>SO2_Price</linked-policy>
            <price-unit>1990$/MtSO2</price-unit>
            <output-unit>Tg</output-unit>
         </linked-ghg-policy>    
      </region>
      <region name="VA">
         <linked-ghg-policy name="SO2_ELEC">
            <price-adjust fillout="1" year="1975">1</price-adjust>
            <demand-adjust fillout="1" year="1975">1</demand-adjust>
            <market>VA</market>
            <linked-policy>SO2_Price</linked-policy>
            <price-unit>1990$/MtSO2</price-unit>
            <output-unit>Tg</output-unit>
         </linked-ghg-policy>    
      </region>
      <region name="WI">
         <linked-ghg-policy name="SO2_ELEC">
            <price-adjust fillout="1" year="1975">1</price-adjust>
            <demand-adjust fillout="1" year="1975">1</demand-adjust>
            <market>WI</market>
            <linked-policy>SO2_Price</linked-policy>
            <price-unit>1990$/MtSO2</price-unit>
            <output-unit>Tg</output-unit>
         </linked-ghg-policy>    
      </region>
      <region name="WV">
         <linked-ghg-policy name="SO2_ELEC">
            <price-adjust fillout="1" year="1975">1</price-adjust>
            <demand-adjust fillout="1" year="1975">1</demand-adjust>
            <market>WV</market>
            <linked-policy>SO2_Price</linked-policy>
            <price-unit>1990$/MtSO2</price-unit>
            <output-unit>Tg</output-unit>
         </linked-ghg-policy>    
      </region>
   </world>
</scenario>

