<?xml version="1.0" encoding="UTF-8"?>
<scenario>
   <world>
      <region name="AL">
         <ghgpolicy name="SO2_Price">
            <market>AL</market>
            <constraint year="2020">0.038</constraint>
            <constraint year="2025">0.039</constraint>
            <constraint year="2030">0.039</constraint>
            <constraint year="2035">0.039</constraint>
            <constraint year="2040">0.039</constraint>
            <constraint year="2045">0.039</constraint>
            <constraint year="2050">0.039</constraint>
            <constraint year="2055">0.039</constraint>
            <constraint year="2060">0.039</constraint>
            <constraint year="2065">0.039</constraint>
            <constraint year="2070">0.039</constraint>
            <constraint year="2075">0.039</constraint>
            <constraint year="2080">0.039</constraint>
            <constraint year="2085">0.039</constraint>
            <constraint year="2090">0.039</constraint>
            <constraint year="2095">0.039</constraint>
            <constraint year="2100">0.039</constraint>
         </ghgpolicy>
      </region>
      <region name="GA">
         <ghgpolicy name="SO2_Price">
            <market>GA</market>
            <constraint year="2020">0.025</constraint>
            <constraint year="2025">0.026</constraint>
            <constraint year="2030">0.026</constraint>
            <constraint year="2035">0.026</constraint>
            <constraint year="2040">0.026</constraint>
            <constraint year="2045">0.026</constraint>
            <constraint year="2050">0.026</constraint>
            <constraint year="2055">0.026</constraint>
            <constraint year="2060">0.026</constraint>
            <constraint year="2065">0.026</constraint>
            <constraint year="2070">0.026</constraint>
            <constraint year="2075">0.026</constraint>
            <constraint year="2080">0.026</constraint>
            <constraint year="2085">0.026</constraint>
            <constraint year="2090">0.026</constraint>
            <constraint year="2095">0.026</constraint>
            <constraint year="2100">0.026</constraint>
         </ghgpolicy>
      </region>
      <region name="IA">
         <ghgpolicy name="SO2_Price">
            <market>IA</market>
            <constraint year="2020">0.013</constraint>
            <constraint year="2025">0.013</constraint>
            <constraint year="2030">0.013</constraint>
            <constraint year="2035">0.013</constraint>
            <constraint year="2040">0.013</constraint>
            <constraint year="2045">0.013</constraint>
            <constraint year="2050">0.013</constraint>
            <constraint year="2055">0.013</constraint>
            <constraint year="2060">0.013</constraint>
            <constraint year="2065">0.013</constraint>
            <constraint year="2070">0.013</constraint>
            <constraint year="2075">0.013</constraint>
            <constraint year="2080">0.013</constraint>
            <constraint year="2085">0.013</constraint>
            <constraint year="2090">0.013</constraint>
            <constraint year="2095">0.013</constraint>
            <constraint year="2100">0.013</constraint>
         </ghgpolicy>
      </region>
      <region name="IL">
         <ghgpolicy name="SO2_Price">
            <market>IL</market>
            <constraint year="2020">0.047</constraint>
            <constraint year="2025">0.048</constraint>
            <constraint year="2030">0.05</constraint>
            <constraint year="2035">0.05</constraint>
            <constraint year="2040">0.05</constraint>
            <constraint year="2045">0.05</constraint>
            <constraint year="2050">0.05</constraint>
            <constraint year="2055">0.05</constraint>
            <constraint year="2060">0.05</constraint>
            <constraint year="2065">0.05</constraint>
            <constraint year="2070">0.05</constraint>
            <constraint year="2075">0.05</constraint>
            <constraint year="2080">0.05</constraint>
            <constraint year="2085">0.05</constraint>
            <constraint year="2090">0.05</constraint>
            <constraint year="2095">0.05</constraint>
            <constraint year="2100">0.05</constraint>
         </ghgpolicy>
      </region>
      <region name="IN">
         <ghgpolicy name="SO2_Price">
            <market>IN</market>
            <constraint year="2020">0.118</constraint>
            <constraint year="2025">0.128</constraint>
            <constraint year="2030">0.116</constraint>
            <constraint year="2035">0.116</constraint>
            <constraint year="2040">0.116</constraint>
            <constraint year="2045">0.116</constraint>
            <constraint year="2050">0.116</constraint>
            <constraint year="2055">0.116</constraint>
            <constraint year="2060">0.116</constraint>
            <constraint year="2065">0.116</constraint>
            <constraint year="2070">0.116</constraint>
            <constraint year="2075">0.116</constraint>
            <constraint year="2080">0.116</constraint>
            <constraint year="2085">0.116</constraint>
            <constraint year="2090">0.116</constraint>
            <constraint year="2095">0.116</constraint>
            <constraint year="2100">0.116</constraint>
         </ghgpolicy>
      </region>
      <region name="KS">
         <ghgpolicy name="SO2_Price">
            <market>KS</market>
            <constraint year="2020">0.013</constraint>
            <constraint year="2025">0.013</constraint>
            <constraint year="2030">0.013</constraint>
            <constraint year="2035">0.013</constraint>
            <constraint year="2040">0.013</constraint>
            <constraint year="2045">0.013</constraint>
            <constraint year="2050">0.013</constraint>
            <constraint year="2055">0.013</constraint>
            <constraint year="2060">0.013</constraint>
            <constraint year="2065">0.013</constraint>
            <constraint year="2070">0.013</constraint>
            <constraint year="2075">0.013</constraint>
            <constraint year="2080">0.013</constraint>
            <constraint year="2085">0.013</constraint>
            <constraint year="2090">0.013</constraint>
            <constraint year="2095">0.013</constraint>
            <constraint year="2100">0.013</constraint>
         </ghgpolicy>
      </region>
      <region name="KY">
         <ghgpolicy name="SO2_Price">
            <market>KY</market>
            <constraint year="2020">0.074</constraint>
            <constraint year="2025">0.09</constraint>
            <constraint year="2030">0.086</constraint>
            <constraint year="2035">0.086</constraint>
            <constraint year="2040">0.086</constraint>
            <constraint year="2045">0.086</constraint>
            <constraint year="2050">0.086</constraint>
            <constraint year="2055">0.086</constraint>
            <constraint year="2060">0.086</constraint>
            <constraint year="2065">0.086</constraint>
            <constraint year="2070">0.086</constraint>
            <constraint year="2075">0.086</constraint>
            <constraint year="2080">0.086</constraint>
            <constraint year="2085">0.086</constraint>
            <constraint year="2090">0.086</constraint>
            <constraint year="2095">0.086</constraint>
            <constraint year="2100">0.086</constraint>
         </ghgpolicy>
      </region>
      <region name="MD">
         <ghgpolicy name="SO2_Price">
            <market>MD</market>
            <constraint year="2020">0.004</constraint>
            <constraint year="2025">0.007</constraint>
            <constraint year="2030">0.006</constraint>
            <constraint year="2035">0.006</constraint>
            <constraint year="2040">0.006</constraint>
            <constraint year="2045">0.006</constraint>
            <constraint year="2050">0.006</constraint>
            <constraint year="2055">0.006</constraint>
            <constraint year="2060">0.006</constraint>
            <constraint year="2065">0.006</constraint>
            <constraint year="2070">0.006</constraint>
            <constraint year="2075">0.006</constraint>
            <constraint year="2080">0.006</constraint>
            <constraint year="2085">0.006</constraint>
            <constraint year="2090">0.006</constraint>
            <constraint year="2095">0.006</constraint>
            <constraint year="2100">0.006</constraint>
         </ghgpolicy>
      </region>
      <region name="MI">
         <ghgpolicy name="SO2_Price">
            <market>MI</market>
            <constraint year="2020">0.077</constraint>
            <constraint year="2025">0.080</constraint>
            <constraint year="2030">0.079</constraint>
            <constraint year="2035">0.079</constraint>
            <constraint year="2040">0.079</constraint>
            <constraint year="2045">0.079</constraint>
            <constraint year="2050">0.079</constraint>
            <constraint year="2055">0.079</constraint>
            <constraint year="2060">0.079</constraint>
            <constraint year="2065">0.079</constraint>
            <constraint year="2070">0.079</constraint>
            <constraint year="2075">0.079</constraint>
            <constraint year="2080">0.079</constraint>
            <constraint year="2085">0.079</constraint>
            <constraint year="2090">0.079</constraint>
            <constraint year="2095">0.079</constraint>
            <constraint year="2100">0.079</constraint>
         </ghgpolicy>
      </region>
      <region name="MN">
         <ghgpolicy name="SO2_Price">
            <market>MN</market>
            <constraint year="2020">0.013</constraint>
            <constraint year="2025">0.013</constraint>
            <constraint year="2030">0.013</constraint>
            <constraint year="2035">0.013</constraint>
            <constraint year="2040">0.013</constraint>
            <constraint year="2045">0.013</constraint>
            <constraint year="2050">0.013</constraint>
            <constraint year="2055">0.013</constraint>
            <constraint year="2060">0.013</constraint>
            <constraint year="2065">0.013</constraint>
            <constraint year="2070">0.013</constraint>
            <constraint year="2075">0.013</constraint>
            <constraint year="2080">0.013</constraint>
            <constraint year="2085">0.013</constraint>
            <constraint year="2090">0.013</constraint>
            <constraint year="2095">0.013</constraint>
            <constraint year="2100">0.013</constraint>
         </ghgpolicy>
      </region>
      <region name="MO">
         <ghgpolicy name="SO2_Price">
            <market>MO</market>
            <constraint year="2020">0.069</constraint>
            <constraint year="2025">0.073</constraint>
            <constraint year="2030">0.090</constraint>
            <constraint year="2035">0.090</constraint>
            <constraint year="2040">0.090</constraint>
            <constraint year="2045">0.090</constraint>
            <constraint year="2050">0.090</constraint>
            <constraint year="2055">0.090</constraint>
            <constraint year="2060">0.090</constraint>
            <constraint year="2065">0.090</constraint>
            <constraint year="2070">0.090</constraint>
            <constraint year="2075">0.090</constraint>
            <constraint year="2080">0.090</constraint>
            <constraint year="2085">0.090</constraint>
            <constraint year="2090">0.090</constraint>
            <constraint year="2095">0.090</constraint>
            <constraint year="2100">0.090</constraint>
         </ghgpolicy>
      </region>
      <region name="NC">
         <ghgpolicy name="SO2_Price">
            <market>NC</market>
            <constraint year="2020">0.026</constraint>
            <constraint year="2025">0.03</constraint>
            <constraint year="2030">0.031</constraint>
            <constraint year="2035">0.031</constraint>
            <constraint year="2040">0.031</constraint>
            <constraint year="2045">0.031</constraint>
            <constraint year="2050">0.031</constraint>
            <constraint year="2055">0.031</constraint>
            <constraint year="2060">0.031</constraint>
            <constraint year="2065">0.031</constraint>
            <constraint year="2070">0.031</constraint>
            <constraint year="2075">0.031</constraint>
            <constraint year="2080">0.031</constraint>
            <constraint year="2085">0.031</constraint>
            <constraint year="2090">0.031</constraint>
            <constraint year="2095">0.031</constraint>
            <constraint year="2100">0.031</constraint>
         </ghgpolicy>
      </region>
      <region name="NE">
         <ghgpolicy name="SO2_Price">
            <market>NE</market>
            <constraint year="2020">0.023</constraint>
            <constraint year="2025">0.023</constraint>
            <constraint year="2030">0.028</constraint>
            <constraint year="2035">0.028</constraint>
            <constraint year="2040">0.028</constraint>
            <constraint year="2045">0.028</constraint>
            <constraint year="2050">0.028</constraint>
            <constraint year="2055">0.028</constraint>
            <constraint year="2060">0.028</constraint>
            <constraint year="2065">0.028</constraint>
            <constraint year="2070">0.028</constraint>
            <constraint year="2075">0.028</constraint>
            <constraint year="2080">0.028</constraint>
            <constraint year="2085">0.028</constraint>
            <constraint year="2090">0.028</constraint>
            <constraint year="2095">0.028</constraint>
            <constraint year="2100">0.028</constraint>
         </ghgpolicy>
      </region>
      <region name="NJ">
         <ghgpolicy name="SO2_Price">
            <market>NJ</market>
            <constraint year="2020">0.006</constraint>
            <constraint year="2025">0.006</constraint>
            <constraint year="2030">0.006</constraint>
            <constraint year="2035">0.006</constraint>
            <constraint year="2040">0.006</constraint>
            <constraint year="2045">0.006</constraint>
            <constraint year="2050">0.006</constraint>
            <constraint year="2055">0.006</constraint>
            <constraint year="2060">0.006</constraint>
            <constraint year="2065">0.006</constraint>
            <constraint year="2070">0.006</constraint>
            <constraint year="2075">0.006</constraint>
            <constraint year="2080">0.006</constraint>
            <constraint year="2085">0.006</constraint>
            <constraint year="2090">0.006</constraint>
            <constraint year="2095">0.006</constraint>
            <constraint year="2100">0.006</constraint>
         </ghgpolicy>
      </region>
      <region name="NY">
         <ghgpolicy name="SO2_Price">
            <market>NY</market>
            <constraint year="2020">0.005</constraint>
            <constraint year="2025">0.005</constraint>
            <constraint year="2030">0.004</constraint>
            <constraint year="2035">0.004</constraint>
            <constraint year="2040">0.004</constraint>
            <constraint year="2045">0.004</constraint>
            <constraint year="2050">0.004</constraint>
            <constraint year="2055">0.004</constraint>
            <constraint year="2060">0.004</constraint>
            <constraint year="2065">0.004</constraint>
            <constraint year="2070">0.004</constraint>
            <constraint year="2075">0.004</constraint>
            <constraint year="2080">0.004</constraint>
            <constraint year="2085">0.004</constraint>
            <constraint year="2090">0.004</constraint>
            <constraint year="2095">0.004</constraint>
            <constraint year="2100">0.004</constraint>
         </ghgpolicy>
      </region>
      <region name="OH">
         <ghgpolicy name="SO2_Price">
            <market>OH</market>
            <constraint year="2020">0.104</constraint>
            <constraint year="2025">0.107</constraint>
            <constraint year="2030">0.102</constraint>
            <constraint year="2035">0.102</constraint>
            <constraint year="2040">0.102</constraint>
            <constraint year="2045">0.102</constraint>
            <constraint year="2050">0.102</constraint>
            <constraint year="2055">0.102</constraint>
            <constraint year="2060">0.102</constraint>
            <constraint year="2065">0.102</constraint>
            <constraint year="2070">0.102</constraint>
            <constraint year="2075">0.102</constraint>
            <constraint year="2080">0.102</constraint>
            <constraint year="2085">0.102</constraint>
            <constraint year="2090">0.102</constraint>
            <constraint year="2095">0.102</constraint>
            <constraint year="2100">0.102</constraint>
         </ghgpolicy>
      </region>
      <region name="PA">
         <ghgpolicy name="SO2_Price">
            <market>PA</market>
            <constraint year="2020">0.056</constraint>
            <constraint year="2025">0.061</constraint>
            <constraint year="2030">0.058</constraint>
            <constraint year="2035">0.058</constraint>
            <constraint year="2040">0.058</constraint>
            <constraint year="2045">0.058</constraint>
            <constraint year="2050">0.058</constraint>
            <constraint year="2055">0.058</constraint>
            <constraint year="2060">0.058</constraint>
            <constraint year="2065">0.058</constraint>
            <constraint year="2070">0.058</constraint>
            <constraint year="2075">0.058</constraint>
            <constraint year="2080">0.058</constraint>
            <constraint year="2085">0.058</constraint>
            <constraint year="2090">0.058</constraint>
            <constraint year="2095">0.058</constraint>
            <constraint year="2100">0.058</constraint>
         </ghgpolicy>
      </region>
      <region name="SC">
         <ghgpolicy name="SO2_Price">
            <market>SC</market>
            <constraint year="2020">0.021</constraint>
            <constraint year="2025">0.027</constraint>
            <constraint year="2030">0.026</constraint>
            <constraint year="2035">0.026</constraint>
            <constraint year="2040">0.026</constraint>
            <constraint year="2045">0.026</constraint>
            <constraint year="2050">0.026</constraint>
            <constraint year="2055">0.026</constraint>
            <constraint year="2060">0.026</constraint>
            <constraint year="2065">0.026</constraint>
            <constraint year="2070">0.026</constraint>
            <constraint year="2075">0.026</constraint>
            <constraint year="2080">0.026</constraint>
            <constraint year="2085">0.026</constraint>
            <constraint year="2090">0.026</constraint>
            <constraint year="2095">0.026</constraint>
            <constraint year="2100">0.026</constraint>
         </ghgpolicy>
      </region>
      <region name="TN">
         <ghgpolicy name="SO2_Price">
            <market>TN</market>
            <constraint year="2020">0.038</constraint>
            <constraint year="2025">0.036</constraint>
            <constraint year="2030">0.038</constraint>
            <constraint year="2035">0.038</constraint>
            <constraint year="2040">0.038</constraint>
            <constraint year="2045">0.038</constraint>
            <constraint year="2050">0.038</constraint>
            <constraint year="2055">0.038</constraint>
            <constraint year="2060">0.038</constraint>
            <constraint year="2065">0.038</constraint>
            <constraint year="2070">0.038</constraint>
            <constraint year="2075">0.038</constraint>
            <constraint year="2080">0.038</constraint>
            <constraint year="2085">0.038</constraint>
            <constraint year="2090">0.038</constraint>
            <constraint year="2095">0.038</constraint>
            <constraint year="2100">0.038</constraint>
         </ghgpolicy>
      </region>
      <region name="TX">
         <ghgpolicy name="SO2_Price">
            <market>TX</market>
            <constraint year="2020">0.119</constraint>
            <constraint year="2025">0.129</constraint>
            <constraint year="2030">0.127</constraint>
            <constraint year="2035">0.127</constraint>
            <constraint year="2040">0.127</constraint>
            <constraint year="2045">0.127</constraint>
            <constraint year="2050">0.127</constraint>
            <constraint year="2055">0.127</constraint>
            <constraint year="2060">0.127</constraint>
            <constraint year="2065">0.127</constraint>
            <constraint year="2070">0.127</constraint>
            <constraint year="2075">0.127</constraint>
            <constraint year="2080">0.127</constraint>
            <constraint year="2085">0.127</constraint>
            <constraint year="2090">0.127</constraint>
            <constraint year="2095">0.127</constraint>
            <constraint year="2100">0.127</constraint>
         </ghgpolicy>
      </region>
      <region name="VA">
         <ghgpolicy name="SO2_Price">
            <market>VA</market>
            <constraint year="2020">0.014</constraint>
            <constraint year="2025">0.015</constraint>
            <constraint year="2030">0.015</constraint>
            <constraint year="2035">0.015</constraint>
            <constraint year="2040">0.015</constraint>
            <constraint year="2045">0.015</constraint>
            <constraint year="2050">0.015</constraint>
            <constraint year="2055">0.015</constraint>
            <constraint year="2060">0.015</constraint>
            <constraint year="2065">0.015</constraint>
            <constraint year="2070">0.015</constraint>
            <constraint year="2075">0.015</constraint>
            <constraint year="2080">0.015</constraint>
            <constraint year="2085">0.015</constraint>
            <constraint year="2090">0.015</constraint>
            <constraint year="2095">0.015</constraint>
            <constraint year="2100">0.015</constraint>
         </ghgpolicy>
      </region>
      <region name="WI">
         <ghgpolicy name="SO2_Price">
            <market>WI</market>
            <constraint year="2020">0.014</constraint>
            <constraint year="2025">0.014</constraint>
            <constraint year="2030">0.014</constraint>
            <constraint year="2035">0.014</constraint>
            <constraint year="2040">0.014</constraint>
            <constraint year="2045">0.014</constraint>
            <constraint year="2050">0.014</constraint>
            <constraint year="2055">0.014</constraint>
            <constraint year="2060">0.014</constraint>
            <constraint year="2065">0.014</constraint>
            <constraint year="2070">0.014</constraint>
            <constraint year="2075">0.014</constraint>
            <constraint year="2080">0.014</constraint>
            <constraint year="2085">0.014</constraint>
            <constraint year="2090">0.014</constraint>
            <constraint year="2095">0.014</constraint>
            <constraint year="2100">0.014</constraint>
         </ghgpolicy>
      </region>
      <region name="WV">
         <ghgpolicy name="SO2_Price">
            <market>WV</market>
            <constraint year="2020">0.066</constraint>
            <constraint year="2025">0.068</constraint>
            <constraint year="2030">0.065</constraint>
            <constraint year="2035">0.065</constraint>
            <constraint year="2040">0.065</constraint>
            <constraint year="2045">0.065</constraint>
            <constraint year="2050">0.065</constraint>
            <constraint year="2055">0.065</constraint>
            <constraint year="2060">0.065</constraint>
            <constraint year="2065">0.065</constraint>
            <constraint year="2070">0.065</constraint>
            <constraint year="2075">0.065</constraint>
            <constraint year="2080">0.065</constraint>
            <constraint year="2085">0.065</constraint>
            <constraint year="2090">0.065</constraint>
            <constraint year="2095">0.065</constraint>
            <constraint year="2100">0.065</constraint>
         </ghgpolicy>
      </region>
   </world>
</scenario>
